Total Nacional,Comunidades y Ciudades Autónomas,Provincias,Periodo,Total,Provincias_Cod,Año,Mes,Total_scaled
Total Nacional,0,0,2024-08-01,1.5,0,2024,8,0.28834355828220853
Total Nacional,0,0,2024-02-01,1.33,0,2024,2,0.25357873210633947
Total Nacional,0,0,2023-08-01,1.29,0,2023,8,0.24539877300613494
Total Nacional,0,0,2023-02-01,1.21,0,2023,2,0.22903885480572592
Total Nacional,0,0,2022-08-01,1.24,0,2022,8,0.23517382413087928
Total Nacional,0,0,2022-02-01,1.13,0,2022,2,0.21267893660531692
Total Nacional,0,0,2021-08-01,1.22,0,2021,8,0.23108384458077705
Total Nacional,0,0,2021-02-01,1.17,0,2021,2,0.22085889570552142
Total Nacional,0,0,2020-08-01,1.28,0,2020,8,0.2433537832310838
Total Nacional,01 Andalucía,0,2024-08-01,1.89,0,2024,8,0.3680981595092024
Total Nacional,01 Andalucía,0,2024-02-01,1.76,0,2024,2,0.3415132924335378
Total Nacional,01 Andalucía,0,2023-08-01,1.69,0,2023,8,0.3271983640081799
Total Nacional,01 Andalucía,0,2023-02-01,1.61,0,2023,2,0.3108384458077709
Total Nacional,01 Andalucía,0,2022-08-01,1.61,0,2022,8,0.3108384458077709
Total Nacional,01 Andalucía,0,2022-02-01,1.4,0,2022,2,0.2678936605316973
Total Nacional,01 Andalucía,0,2021-08-01,1.45,0,2021,8,0.27811860940695293
Total Nacional,01 Andalucía,0,2021-02-01,1.41,0,2021,2,0.2699386503067484
Total Nacional,01 Andalucía,0,2020-08-01,1.55,0,2020,8,0.2985685071574642
Total Nacional,01 Andalucía,04 Almería,2024-08-01,1.52,4,2024,8,0.2924335378323108
Total Nacional,01 Andalucía,04 Almería,2024-02-01,1.46,4,2024,2,0.28016359918200406
Total Nacional,01 Andalucía,04 Almería,2023-08-01,1.49,4,2023,8,0.2862985685071574
Total Nacional,01 Andalucía,04 Almería,2023-02-01,1.3,4,2023,2,0.24744376278118607
Total Nacional,01 Andalucía,04 Almería,2022-08-01,1.35,4,2022,8,0.2576687116564417
Total Nacional,01 Andalucía,04 Almería,2022-02-01,1.13,4,2022,2,0.21267893660531692
Total Nacional,01 Andalucía,04 Almería,2021-08-01,1.23,4,2021,8,0.2331288343558282
Total Nacional,01 Andalucía,04 Almería,2021-02-01,1.13,4,2021,2,0.21267893660531692
Total Nacional,01 Andalucía,04 Almería,2020-08-01,1.22,4,2020,8,0.23108384458077705
Total Nacional,01 Andalucía,11 Cádiz,2024-08-01,2.46,11,2024,8,0.48466257668711654
Total Nacional,01 Andalucía,11 Cádiz,2024-02-01,2.24,11,2024,2,0.4396728016359918
Total Nacional,01 Andalucía,11 Cádiz,2023-08-01,2.3,11,2023,8,0.4519427402862985
Total Nacional,01 Andalucía,11 Cádiz,2023-02-01,2.01,11,2023,2,0.39263803680981585
Total Nacional,01 Andalucía,11 Cádiz,2022-08-01,2.16,11,2022,8,0.4233128834355828
Total Nacional,01 Andalucía,11 Cádiz,2022-02-01,1.74,11,2022,2,0.3374233128834355
Total Nacional,01 Andalucía,11 Cádiz,2021-08-01,1.9,11,2021,8,0.3701431492842535
Total Nacional,01 Andalucía,11 Cádiz,2021-02-01,1.75,11,2021,2,0.33946830265848665
Total Nacional,01 Andalucía,11 Cádiz,2020-08-01,1.91,11,2020,8,0.37218813905930465
Total Nacional,01 Andalucía,14 Córdoba,2024-08-01,0.62,14,2024,8,0.10838445807770958
Total Nacional,01 Andalucía,14 Córdoba,2024-02-01,0.61,14,2024,2,0.10633946830265847
Total Nacional,01 Andalucía,14 Córdoba,2023-08-01,0.54,14,2023,8,0.09202453987730061
Total Nacional,01 Andalucía,14 Córdoba,2023-02-01,0.51,14,2023,2,0.08588957055214724
Total Nacional,01 Andalucía,14 Córdoba,2022-08-01,0.46,14,2022,8,0.07566462167689161
Total Nacional,01 Andalucía,14 Córdoba,2022-02-01,0.39,14,2022,2,0.06134969325153374
Total Nacional,01 Andalucía,14 Córdoba,2021-08-01,0.38,14,2021,8,0.05930470347648261
Total Nacional,01 Andalucía,14 Córdoba,2021-02-01,0.38,14,2021,2,0.05930470347648261
Total Nacional,01 Andalucía,14 Córdoba,2020-08-01,0.42,14,2020,8,0.06748466257668712
Total Nacional,01 Andalucía,18 Granada,2024-08-01,1.32,18,2024,8,0.25153374233128833
Total Nacional,01 Andalucía,18 Granada,2024-02-01,1.25,18,2024,2,0.23721881390593041
Total Nacional,01 Andalucía,18 Granada,2023-08-01,1.15,18,2023,8,0.21676891615541918
Total Nacional,01 Andalucía,18 Granada,2023-02-01,1.2,18,2023,2,0.2269938650306748
Total Nacional,01 Andalucía,18 Granada,2022-08-01,1.09,18,2022,8,0.20449897750511245
Total Nacional,01 Andalucía,18 Granada,2022-02-01,1.03,18,2022,2,0.1922290388548057
Total Nacional,01 Andalucía,18 Granada,2021-08-01,0.99,18,2021,8,0.1840490797546012
Total Nacional,01 Andalucía,18 Granada,2021-02-01,0.99,18,2021,2,0.1840490797546012
Total Nacional,01 Andalucía,18 Granada,2020-08-01,1.05,18,2020,8,0.19631901840490795
Total Nacional,01 Andalucía,21 Huelva,2024-08-01,0.83,21,2024,8,0.1513292433537832
Total Nacional,01 Andalucía,21 Huelva,2024-02-01,0.75,21,2024,2,0.1349693251533742
Total Nacional,01 Andalucía,21 Huelva,2023-08-01,0.77,21,2023,8,0.13905930470347647
Total Nacional,01 Andalucía,21 Huelva,2023-02-01,0.68,21,2023,2,0.12065439672801634
Total Nacional,01 Andalucía,21 Huelva,2022-08-01,0.73,21,2022,8,0.13087934560327197
Total Nacional,01 Andalucía,21 Huelva,2022-02-01,0.61,21,2022,2,0.10633946830265847
Total Nacional,01 Andalucía,21 Huelva,2021-08-01,0.69,21,2021,8,0.12269938650306744
Total Nacional,01 Andalucía,21 Huelva,2021-02-01,0.61,21,2021,2,0.10633946830265847
Total Nacional,01 Andalucía,21 Huelva,2020-08-01,0.68,21,2020,8,0.12065439672801634
Total Nacional,01 Andalucía,23 Jaén,2024-08-01,0.26,23,2024,8,0.03476482617586912
Total Nacional,01 Andalucía,23 Jaén,2024-02-01,0.26,23,2024,2,0.03476482617586912
Total Nacional,01 Andalucía,23 Jaén,2023-08-01,0.23,23,2023,8,0.028629856850715743
Total Nacional,01 Andalucía,23 Jaén,2023-02-01,0.22,23,2023,2,0.02658486707566462
Total Nacional,01 Andalucía,23 Jaén,2022-08-01,0.22,23,2022,8,0.02658486707566462
Total Nacional,01 Andalucía,23 Jaén,2022-02-01,0.17,23,2022,2,0.016359918200408996
Total Nacional,01 Andalucía,23 Jaén,2021-08-01,0.18,23,2021,8,0.01840490797546012
Total Nacional,01 Andalucía,23 Jaén,2021-02-01,0.15,23,2021,2,0.012269938650306747
Total Nacional,01 Andalucía,23 Jaén,2020-08-01,0.15,23,2020,8,0.012269938650306747
Total Nacional,01 Andalucía,29 Málaga,2024-08-01,4.45,29,2024,8,0.8916155419222903
Total Nacional,01 Andalucía,29 Málaga,2024-02-01,4.12,29,2024,2,0.8241308793456031
Total Nacional,01 Andalucía,29 Málaga,2023-08-01,3.92,29,2023,8,0.7832310838445806
Total Nacional,01 Andalucía,29 Málaga,2023-02-01,3.94,29,2023,2,0.7873210633946829
Total Nacional,01 Andalucía,29 Málaga,2022-08-01,3.91,29,2022,8,0.7811860940695295
Total Nacional,01 Andalucía,29 Málaga,2022-02-01,3.42,29,2022,2,0.6809815950920244
Total Nacional,01 Andalucía,29 Málaga,2021-08-01,3.54,29,2021,8,0.705521472392638
Total Nacional,01 Andalucía,29 Málaga,2021-02-01,3.54,29,2021,2,0.705521472392638
Total Nacional,01 Andalucía,29 Málaga,2020-08-01,3.85,29,2020,8,0.7689161554192229
Total Nacional,01 Andalucía,41 Sevilla,2024-08-01,0.85,41,2024,8,0.15541922290388546
Total Nacional,01 Andalucía,41 Sevilla,2024-02-01,0.82,41,2024,2,0.14928425357873207
Total Nacional,01 Andalucía,41 Sevilla,2023-08-01,0.71,41,2023,8,0.1267893660531697
Total Nacional,01 Andalucía,41 Sevilla,2023-02-01,0.7,41,2023,2,0.12474437627811857
Total Nacional,01 Andalucía,41 Sevilla,2022-08-01,0.67,41,2022,8,0.11860940695296524
Total Nacional,01 Andalucía,41 Sevilla,2022-02-01,0.63,41,2022,2,0.11042944785276071
Total Nacional,01 Andalucía,41 Sevilla,2021-08-01,0.62,41,2021,8,0.10838445807770958
Total Nacional,01 Andalucía,41 Sevilla,2021-02-01,0.63,41,2021,2,0.11042944785276071
Total Nacional,01 Andalucía,41 Sevilla,2020-08-01,0.73,41,2020,8,0.13087934560327197
Total Nacional,02 Aragón,0,2024-08-01,0.61,0,2024,8,0.10633946830265847
Total Nacional,02 Aragón,0,2024-02-01,0.56,0,2024,2,0.09611451942740287
Total Nacional,02 Aragón,0,2023-08-01,0.5,0,2023,8,0.08384458077709611
Total Nacional,02 Aragón,0,2023-02-01,0.5,0,2023,2,0.08384458077709611
Total Nacional,02 Aragón,0,2022-08-01,0.48,0,2022,8,0.07975460122699385
Total Nacional,02 Aragón,0,2022-02-01,0.45,0,2022,2,0.07361963190184048
Total Nacional,02 Aragón,0,2021-08-01,0.46,0,2021,8,0.07566462167689161
Total Nacional,02 Aragón,0,2021-02-01,0.45,0,2021,2,0.07361963190184048
Total Nacional,02 Aragón,0,2020-08-01,0.48,0,2020,8,0.07975460122699385
Total Nacional,02 Aragón,22 Huesca,2024-08-01,1.64,22,2024,8,0.31697341513292426
Total Nacional,02 Aragón,22 Huesca,2024-02-01,1.52,22,2024,2,0.2924335378323108
Total Nacional,02 Aragón,22 Huesca,2023-08-01,1.4,22,2023,8,0.2678936605316973
Total Nacional,02 Aragón,22 Huesca,2023-02-01,1.44,22,2023,2,0.2760736196319018
Total Nacional,02 Aragón,22 Huesca,2022-08-01,1.4,22,2022,8,0.2678936605316973
Total Nacional,02 Aragón,22 Huesca,2022-02-01,1.3,22,2022,2,0.24744376278118607
Total Nacional,02 Aragón,22 Huesca,2021-08-01,1.31,22,2021,8,0.2494887525562372
Total Nacional,02 Aragón,22 Huesca,2021-02-01,1.26,22,2021,2,0.23926380368098155
Total Nacional,02 Aragón,22 Huesca,2020-08-01,1.37,22,2020,8,0.26175869120654394
Total Nacional,02 Aragón,44 Teruel,2024-08-01,0.75,44,2024,8,0.1349693251533742
Total Nacional,02 Aragón,44 Teruel,2024-02-01,0.69,44,2024,2,0.12269938650306744
Total Nacional,02 Aragón,44 Teruel,2023-08-01,0.6,44,2023,8,0.10429447852760734
Total Nacional,02 Aragón,44 Teruel,2023-02-01,0.57,44,2023,2,0.09815950920245398
Total Nacional,02 Aragón,44 Teruel,2022-08-01,0.57,44,2022,8,0.09815950920245398
Total Nacional,02 Aragón,44 Teruel,2022-02-01,0.53,44,2022,2,0.08997955010224948
Total Nacional,02 Aragón,44 Teruel,2021-08-01,0.58,44,2021,8,0.10020449897750508
Total Nacional,02 Aragón,44 Teruel,2021-02-01,0.57,44,2021,2,0.09815950920245398
Total Nacional,02 Aragón,44 Teruel,2020-08-01,0.58,44,2020,8,0.10020449897750508
Total Nacional,02 Aragón,50 Zaragoza,2024-08-01,0.26,50,2024,8,0.03476482617586912
Total Nacional,02 Aragón,50 Zaragoza,2024-02-01,0.24,50,2024,2,0.030674846625766868
Total Nacional,02 Aragón,50 Zaragoza,2023-08-01,0.19,50,2023,8,0.020449897750511245
Total Nacional,02 Aragón,50 Zaragoza,2023-02-01,0.2,50,2023,2,0.02249488752556237
Total Nacional,02 Aragón,50 Zaragoza,2022-08-01,0.18,50,2022,8,0.01840490797546012
Total Nacional,02 Aragón,50 Zaragoza,2022-02-01,0.17,50,2022,2,0.016359918200408996
Total Nacional,02 Aragón,50 Zaragoza,2021-08-01,0.18,50,2021,8,0.01840490797546012
Total Nacional,02 Aragón,50 Zaragoza,2021-02-01,0.18,50,2021,2,0.01840490797546012
Total Nacional,02 Aragón,50 Zaragoza,2020-08-01,0.19,50,2020,8,0.020449897750511245
Total Nacional,"03 Asturias, Principado de",0,2024-08-01,1.3,0,2024,8,0.24744376278118607
Total Nacional,"03 Asturias, Principado de",0,2024-02-01,1.07,0,2024,2,0.20040899795501022
Total Nacional,"03 Asturias, Principado de",0,2023-08-01,1.04,0,2023,8,0.19427402862985682
Total Nacional,"03 Asturias, Principado de",0,2023-02-01,0.95,0,2023,2,0.1758691206543967
Total Nacional,"03 Asturias, Principado de",0,2022-08-01,1.0,0,2022,8,0.18609406952965232
Total Nacional,"03 Asturias, Principado de",0,2022-02-01,0.77,0,2022,2,0.13905930470347647
Total Nacional,"03 Asturias, Principado de",0,2021-08-01,0.84,0,2021,8,0.15337423312883433
Total Nacional,"03 Asturias, Principado de",0,2021-02-01,0.71,0,2021,2,0.1267893660531697
Total Nacional,"03 Asturias, Principado de",0,2020-08-01,0.8,0,2020,8,0.14519427402862983
Total Nacional,"03 Asturias, Principado de",33 Asturias,2024-08-01,1.3,33,2024,8,0.24744376278118607
Total Nacional,"03 Asturias, Principado de",33 Asturias,2024-02-01,1.07,33,2024,2,0.20040899795501022
Total Nacional,"03 Asturias, Principado de",33 Asturias,2023-08-01,1.04,33,2023,8,0.19427402862985682
Total Nacional,"03 Asturias, Principado de",33 Asturias,2023-02-01,0.95,33,2023,2,0.1758691206543967
Total Nacional,"03 Asturias, Principado de",33 Asturias,2022-08-01,1.0,33,2022,8,0.18609406952965232
Total Nacional,"03 Asturias, Principado de",33 Asturias,2022-02-01,0.77,33,2022,2,0.13905930470347647
Total Nacional,"03 Asturias, Principado de",33 Asturias,2021-08-01,0.84,33,2021,8,0.15337423312883433
Total Nacional,"03 Asturias, Principado de",33 Asturias,2021-02-01,0.71,33,2021,2,0.1267893660531697
Total Nacional,"03 Asturias, Principado de",33 Asturias,2020-08-01,0.8,33,2020,8,0.14519427402862983
Total Nacional,"04 Balears, Illes",0,2024-08-01,4.14,0,2024,8,0.8282208588957054
Total Nacional,"04 Balears, Illes",0,2024-02-01,3.84,0,2024,2,0.7668711656441717
Total Nacional,"04 Balears, Illes",0,2023-08-01,4.06,0,2023,8,0.8118609406952964
Total Nacional,"04 Balears, Illes",0,2023-02-01,4.33,0,2023,2,0.8670756646216768
Total Nacional,"04 Balears, Illes",0,2022-08-01,4.61,0,2022,8,0.9243353783231083
Total Nacional,"04 Balears, Illes",0,2022-02-01,4.51,0,2022,2,0.903885480572597
Total Nacional,"04 Balears, Illes",0,2021-08-01,4.98,0,2021,8,0.9999999999999999
Total Nacional,"04 Balears, Illes",0,2021-02-01,4.72,0,2021,2,0.9468302658486706
Total Nacional,"04 Balears, Illes",0,2020-08-01,4.98,0,2020,8,0.9999999999999999
Total Nacional,"04 Balears, Illes","07 Balears, Illes",2024-08-01,4.14,7,2024,8,0.8282208588957054
Total Nacional,"04 Balears, Illes","07 Balears, Illes",2024-02-01,3.84,7,2024,2,0.7668711656441717
Total Nacional,"04 Balears, Illes","07 Balears, Illes",2023-08-01,4.06,7,2023,8,0.8118609406952964
Total Nacional,"04 Balears, Illes","07 Balears, Illes",2023-02-01,4.33,7,2023,2,0.8670756646216768
Total Nacional,"04 Balears, Illes","07 Balears, Illes",2022-08-01,4.61,7,2022,8,0.9243353783231083
Total Nacional,"04 Balears, Illes","07 Balears, Illes",2022-02-01,4.51,7,2022,2,0.903885480572597
Total Nacional,"04 Balears, Illes","07 Balears, Illes",2021-08-01,4.98,7,2021,8,0.9999999999999999
Total Nacional,"04 Balears, Illes","07 Balears, Illes",2021-02-01,4.72,7,2021,2,0.9468302658486706
Total Nacional,"04 Balears, Illes","07 Balears, Illes",2020-08-01,4.98,7,2020,8,0.9999999999999999
Total Nacional,05 Canarias,0,2024-08-01,4.7,0,2024,8,0.9427402862985684
Total Nacional,05 Canarias,0,2024-02-01,4.3,0,2024,2,0.8609406952965234
Total Nacional,05 Canarias,0,2023-08-01,4.08,0,2023,8,0.8159509202453987
Total Nacional,05 Canarias,0,2023-02-01,4.1,0,2023,2,0.8200408997955009
Total Nacional,05 Canarias,0,2022-08-01,3.93,0,2022,8,0.7852760736196318
Total Nacional,05 Canarias,0,2022-02-01,3.72,0,2022,2,0.7423312883435582
Total Nacional,05 Canarias,0,2021-08-01,3.78,0,2021,8,0.7546012269938649
Total Nacional,05 Canarias,0,2021-02-01,3.64,0,2021,2,0.7259713701431492
Total Nacional,05 Canarias,0,2020-08-01,3.63,0,2020,8,0.7239263803680981
Total Nacional,05 Canarias,"35 Palmas, Las",2024-08-01,4.92,35,2024,8,0.9877300613496932
Total Nacional,05 Canarias,"35 Palmas, Las",2024-02-01,4.55,35,2024,2,0.9120654396728015
Total Nacional,05 Canarias,"35 Palmas, Las",2023-08-01,4.37,35,2023,8,0.8752556237218813
Total Nacional,05 Canarias,"35 Palmas, Las",2023-02-01,4.35,35,2023,2,0.871165644171779
Total Nacional,05 Canarias,"35 Palmas, Las",2022-08-01,4.17,35,2022,8,0.8343558282208587
Total Nacional,05 Canarias,"35 Palmas, Las",2022-02-01,3.96,35,2022,2,0.7914110429447851
Total Nacional,05 Canarias,"35 Palmas, Las",2021-08-01,3.97,35,2021,8,0.7934560327198363
Total Nacional,05 Canarias,"35 Palmas, Las",2021-02-01,3.85,35,2021,2,0.7689161554192229
Total Nacional,05 Canarias,"35 Palmas, Las",2020-08-01,3.81,35,2020,8,0.7607361963190183
Total Nacional,05 Canarias,38 Santa Cruz de Tenerife,2024-08-01,4.48,38,2024,8,0.8977505112474438
Total Nacional,05 Canarias,38 Santa Cruz de Tenerife,2024-02-01,4.04,38,2024,2,0.8077709611451942
Total Nacional,05 Canarias,38 Santa Cruz de Tenerife,2023-08-01,3.78,38,2023,8,0.7546012269938649
Total Nacional,05 Canarias,38 Santa Cruz de Tenerife,2023-02-01,3.83,38,2023,2,0.7648261758691206
Total Nacional,05 Canarias,38 Santa Cruz de Tenerife,2022-08-01,3.68,38,2022,8,0.7341513292433537
Total Nacional,05 Canarias,38 Santa Cruz de Tenerife,2022-02-01,3.47,38,2022,2,0.6912065439672801
Total Nacional,05 Canarias,38 Santa Cruz de Tenerife,2021-08-01,3.58,38,2021,8,0.7137014314928425
Total Nacional,05 Canarias,38 Santa Cruz de Tenerife,2021-02-01,3.42,38,2021,2,0.6809815950920244
Total Nacional,05 Canarias,38 Santa Cruz de Tenerife,2020-08-01,3.44,38,2020,8,0.6850715746421266
Total Nacional,06 Cantabria,0,2024-08-01,2.26,0,2024,8,0.44376278118609397
Total Nacional,06 Cantabria,0,2024-02-01,1.81,0,2024,2,0.35173824130879344
Total Nacional,06 Cantabria,0,2023-08-01,1.8,0,2023,8,0.3496932515337423
Total Nacional,06 Cantabria,0,2023-02-01,1.59,0,2023,2,0.30674846625766866
Total Nacional,06 Cantabria,0,2022-08-01,1.75,0,2022,8,0.33946830265848665
Total Nacional,06 Cantabria,0,2022-02-01,1.35,0,2022,2,0.2576687116564417
Total Nacional,06 Cantabria,0,2021-08-01,1.5,0,2021,8,0.28834355828220853
Total Nacional,06 Cantabria,0,2021-02-01,1.21,0,2021,2,0.22903885480572592
Total Nacional,06 Cantabria,0,2020-08-01,1.36,0,2020,8,0.2597137014314928
Total Nacional,06 Cantabria,39 Cantabria,2024-08-01,2.26,39,2024,8,0.44376278118609397
Total Nacional,06 Cantabria,39 Cantabria,2024-02-01,1.81,39,2024,2,0.35173824130879344
Total Nacional,06 Cantabria,39 Cantabria,2023-08-01,1.8,39,2023,8,0.3496932515337423
Total Nacional,06 Cantabria,39 Cantabria,2023-02-01,1.59,39,2023,2,0.30674846625766866
Total Nacional,06 Cantabria,39 Cantabria,2022-08-01,1.75,39,2022,8,0.33946830265848665
Total Nacional,06 Cantabria,39 Cantabria,2022-02-01,1.35,39,2022,2,0.2576687116564417
Total Nacional,06 Cantabria,39 Cantabria,2021-08-01,1.5,39,2021,8,0.28834355828220853
Total Nacional,06 Cantabria,39 Cantabria,2021-02-01,1.21,39,2021,2,0.22903885480572592
Total Nacional,06 Cantabria,39 Cantabria,2020-08-01,1.36,39,2020,8,0.2597137014314928
Total Nacional,07 Castilla y León,0,2024-08-01,0.48,0,2024,8,0.07975460122699385
Total Nacional,07 Castilla y León,0,2024-02-01,0.41,0,2024,2,0.06543967280163598
Total Nacional,07 Castilla y León,0,2023-08-01,0.38,0,2023,8,0.05930470347648261
Total Nacional,07 Castilla y León,0,2023-02-01,0.36,0,2023,2,0.05521472392638036
Total Nacional,07 Castilla y León,0,2022-08-01,0.36,0,2022,8,0.05521472392638036
Total Nacional,07 Castilla y León,0,2022-02-01,0.33,0,2022,2,0.049079754601226995
Total Nacional,07 Castilla y León,0,2021-08-01,0.33,0,2021,8,0.049079754601226995
Total Nacional,07 Castilla y León,0,2021-02-01,0.31,0,2021,2,0.04498977505112473
Total Nacional,07 Castilla y León,0,2020-08-01,0.34,0,2020,8,0.05112474437627811
Total Nacional,07 Castilla y León,05 Ávila,2024-08-01,0.86,5,2024,8,0.15746421267893657
Total Nacional,07 Castilla y León,05 Ávila,2024-02-01,0.71,5,2024,2,0.1267893660531697
Total Nacional,07 Castilla y León,05 Ávila,2023-08-01,0.71,5,2023,8,0.1267893660531697
Total Nacional,07 Castilla y León,05 Ávila,2023-02-01,0.62,5,2023,2,0.10838445807770958
Total Nacional,07 Castilla y León,05 Ávila,2022-08-01,0.61,5,2022,8,0.10633946830265847
Total Nacional,07 Castilla y León,05 Ávila,2022-02-01,0.52,5,2022,2,0.08793456032719835
Total Nacional,07 Castilla y León,05 Ávila,2021-08-01,0.52,5,2021,8,0.08793456032719835
Total Nacional,07 Castilla y León,05 Ávila,2021-02-01,0.48,5,2021,2,0.07975460122699385
Total Nacional,07 Castilla y León,05 Ávila,2020-08-01,0.49,5,2020,8,0.08179959100204498
Total Nacional,07 Castilla y León,09 Burgos,2024-08-01,0.4,9,2024,8,0.06339468302658485
Total Nacional,07 Castilla y León,09 Burgos,2024-02-01,0.33,9,2024,2,0.049079754601226995
Total Nacional,07 Castilla y León,09 Burgos,2023-08-01,0.3,9,2023,8,0.042944785276073615
Total Nacional,07 Castilla y León,09 Burgos,2023-02-01,0.28,9,2023,2,0.03885480572597137
Total Nacional,07 Castilla y León,09 Burgos,2022-08-01,0.28,9,2022,8,0.03885480572597137
Total Nacional,07 Castilla y León,09 Burgos,2022-02-01,0.25,9,2022,2,0.03271983640081799
Total Nacional,07 Castilla y León,09 Burgos,2021-08-01,0.24,9,2021,8,0.030674846625766868
Total Nacional,07 Castilla y León,09 Burgos,2021-02-01,0.23,9,2021,2,0.028629856850715743
Total Nacional,07 Castilla y León,09 Burgos,2020-08-01,0.25,9,2020,8,0.03271983640081799
Total Nacional,07 Castilla y León,24 León,2024-08-01,0.45,24,2024,8,0.07361963190184048
Total Nacional,07 Castilla y León,24 León,2024-02-01,0.38,24,2024,2,0.05930470347648261
Total Nacional,07 Castilla y León,24 León,2023-08-01,0.35,24,2023,8,0.05316973415132923
Total Nacional,07 Castilla y León,24 León,2023-02-01,0.35,24,2023,2,0.05316973415132923
Total Nacional,07 Castilla y León,24 León,2022-08-01,0.35,24,2022,8,0.05316973415132923
Total Nacional,07 Castilla y León,24 León,2022-02-01,0.3,24,2022,2,0.042944785276073615
Total Nacional,07 Castilla y León,24 León,2021-08-01,0.32,24,2021,8,0.047034764826175864
Total Nacional,07 Castilla y León,24 León,2021-02-01,0.29,24,2021,2,0.04089979550102248
Total Nacional,07 Castilla y León,24 León,2020-08-01,0.31,24,2020,8,0.04498977505112473
Total Nacional,07 Castilla y León,34 Palencia,2024-08-01,0.21,34,2024,8,0.024539877300613494
Total Nacional,07 Castilla y León,34 Palencia,2024-02-01,0.17,34,2024,2,0.016359918200408996
Total Nacional,07 Castilla y León,34 Palencia,2023-08-01,0.16,34,2023,8,0.014314928425357872
Total Nacional,07 Castilla y León,34 Palencia,2023-02-01,0.15,34,2023,2,0.012269938650306747
Total Nacional,07 Castilla y León,34 Palencia,2022-08-01,0.14,34,2022,8,0.010224948875255626
Total Nacional,07 Castilla y León,34 Palencia,2022-02-01,0.15,34,2022,2,0.012269938650306747
Total Nacional,07 Castilla y León,34 Palencia,2021-08-01,0.15,34,2021,8,0.012269938650306747
Total Nacional,07 Castilla y León,34 Palencia,2021-02-01,0.14,34,2021,2,0.010224948875255626
Total Nacional,07 Castilla y León,34 Palencia,2020-08-01,0.13,34,2020,8,0.008179959100204498
Total Nacional,07 Castilla y León,37 Salamanca,2024-08-01,0.64,37,2024,8,0.11247443762781184
Total Nacional,07 Castilla y León,37 Salamanca,2024-02-01,0.58,37,2024,2,0.10020449897750508
Total Nacional,07 Castilla y León,37 Salamanca,2023-08-01,0.5,37,2023,8,0.08384458077709611
Total Nacional,07 Castilla y León,37 Salamanca,2023-02-01,0.5,37,2023,2,0.08384458077709611
Total Nacional,07 Castilla y León,37 Salamanca,2022-08-01,0.51,37,2022,8,0.08588957055214724
Total Nacional,07 Castilla y León,37 Salamanca,2022-02-01,0.48,37,2022,2,0.07975460122699385
Total Nacional,07 Castilla y León,37 Salamanca,2021-08-01,0.5,37,2021,8,0.08384458077709611
Total Nacional,07 Castilla y León,37 Salamanca,2021-02-01,0.5,37,2021,2,0.08384458077709611
Total Nacional,07 Castilla y León,37 Salamanca,2020-08-01,0.55,37,2020,8,0.09406952965235174
Total Nacional,07 Castilla y León,40 Segovia,2024-08-01,0.83,40,2024,8,0.1513292433537832
Total Nacional,07 Castilla y León,40 Segovia,2024-02-01,0.7,40,2024,2,0.12474437627811857
Total Nacional,07 Castilla y León,40 Segovia,2023-08-01,0.65,40,2023,8,0.11451942740286297
Total Nacional,07 Castilla y León,40 Segovia,2023-02-01,0.59,40,2023,2,0.10224948875255621
Total Nacional,07 Castilla y León,40 Segovia,2022-08-01,0.59,40,2022,8,0.10224948875255621
Total Nacional,07 Castilla y León,40 Segovia,2022-02-01,0.52,40,2022,2,0.08793456032719835
Total Nacional,07 Castilla y León,40 Segovia,2021-08-01,0.56,40,2021,8,0.09611451942740287
Total Nacional,07 Castilla y León,40 Segovia,2021-02-01,0.55,40,2021,2,0.09406952965235174
Total Nacional,07 Castilla y León,40 Segovia,2020-08-01,0.62,40,2020,8,0.10838445807770958
Total Nacional,07 Castilla y León,42 Soria,2024-08-01,0.73,42,2024,8,0.13087934560327197
Total Nacional,07 Castilla y León,42 Soria,2024-02-01,0.57,42,2024,2,0.09815950920245398
Total Nacional,07 Castilla y León,42 Soria,2023-08-01,0.53,42,2023,8,0.08997955010224948
Total Nacional,07 Castilla y León,42 Soria,2023-02-01,0.47,42,2023,2,0.07770961145194272
Total Nacional,07 Castilla y León,42 Soria,2022-08-01,0.49,42,2022,8,0.08179959100204498
Total Nacional,07 Castilla y León,42 Soria,2022-02-01,0.44,42,2022,2,0.07157464212678935
Total Nacional,07 Castilla y León,42 Soria,2021-08-01,0.45,42,2021,8,0.07361963190184048
Total Nacional,07 Castilla y León,42 Soria,2021-02-01,0.38,42,2021,2,0.05930470347648261
Total Nacional,07 Castilla y León,42 Soria,2020-08-01,0.42,42,2020,8,0.06748466257668712
Total Nacional,07 Castilla y León,47 Valladolid,2024-08-01,0.23,47,2024,8,0.028629856850715743
Total Nacional,07 Castilla y León,47 Valladolid,2024-02-01,0.21,47,2024,2,0.024539877300613494
Total Nacional,07 Castilla y León,47 Valladolid,2023-08-01,0.17,47,2023,8,0.016359918200408996
Total Nacional,07 Castilla y León,47 Valladolid,2023-02-01,0.18,47,2023,2,0.01840490797546012
Total Nacional,07 Castilla y León,47 Valladolid,2022-08-01,0.16,47,2022,8,0.014314928425357872
Total Nacional,07 Castilla y León,47 Valladolid,2022-02-01,0.16,47,2022,2,0.014314928425357872
Total Nacional,07 Castilla y León,47 Valladolid,2021-08-01,0.16,47,2021,8,0.014314928425357872
Total Nacional,07 Castilla y León,47 Valladolid,2021-02-01,0.15,47,2021,2,0.012269938650306747
Total Nacional,07 Castilla y León,47 Valladolid,2020-08-01,0.15,47,2020,8,0.012269938650306747
Total Nacional,07 Castilla y León,49 Zamora,2024-08-01,0.38,49,2024,8,0.05930470347648261
Total Nacional,07 Castilla y León,49 Zamora,2024-02-01,0.32,49,2024,2,0.047034764826175864
Total Nacional,07 Castilla y León,49 Zamora,2023-08-01,0.3,49,2023,8,0.042944785276073615
Total Nacional,07 Castilla y León,49 Zamora,2023-02-01,0.3,49,2023,2,0.042944785276073615
Total Nacional,07 Castilla y León,49 Zamora,2022-08-01,0.3,49,2022,8,0.042944785276073615
Total Nacional,07 Castilla y León,49 Zamora,2022-02-01,0.28,49,2022,2,0.03885480572597137
Total Nacional,07 Castilla y León,49 Zamora,2021-08-01,0.29,49,2021,8,0.04089979550102248
Total Nacional,07 Castilla y León,49 Zamora,2021-02-01,0.25,49,2021,2,0.03271983640081799
Total Nacional,07 Castilla y León,49 Zamora,2020-08-01,0.27,49,2020,8,0.03680981595092025
Total Nacional,08 Castilla - La Mancha,0,2024-08-01,0.4,0,2024,8,0.06339468302658485
Total Nacional,08 Castilla - La Mancha,0,2024-02-01,0.35,0,2024,2,0.05316973415132923
Total Nacional,08 Castilla - La Mancha,0,2023-08-01,0.31,0,2023,8,0.04498977505112473
Total Nacional,08 Castilla - La Mancha,0,2023-02-01,0.31,0,2023,2,0.04498977505112473
Total Nacional,08 Castilla - La Mancha,0,2022-08-01,0.29,0,2022,8,0.04089979550102248
Total Nacional,08 Castilla - La Mancha,0,2022-02-01,0.27,0,2022,2,0.03680981595092025
Total Nacional,08 Castilla - La Mancha,0,2021-08-01,0.27,0,2021,8,0.03680981595092025
Total Nacional,08 Castilla - La Mancha,0,2021-02-01,0.26,0,2021,2,0.03476482617586912
Total Nacional,08 Castilla - La Mancha,0,2020-08-01,0.27,0,2020,8,0.03680981595092025
Total Nacional,08 Castilla - La Mancha,02 Albacete,2024-08-01,0.45,2,2024,8,0.07361963190184048
Total Nacional,08 Castilla - La Mancha,02 Albacete,2024-02-01,0.4,2,2024,2,0.06339468302658485
Total Nacional,08 Castilla - La Mancha,02 Albacete,2023-08-01,0.37,2,2023,8,0.05725971370143148
Total Nacional,08 Castilla - La Mancha,02 Albacete,2023-02-01,0.37,2,2023,2,0.05725971370143148
Total Nacional,08 Castilla - La Mancha,02 Albacete,2022-08-01,0.33,2,2022,8,0.049079754601226995
Total Nacional,08 Castilla - La Mancha,02 Albacete,2022-02-01,0.3,2,2022,2,0.042944785276073615
Total Nacional,08 Castilla - La Mancha,02 Albacete,2021-08-01,0.29,2,2021,8,0.04089979550102248
Total Nacional,08 Castilla - La Mancha,02 Albacete,2021-02-01,0.28,2,2021,2,0.03885480572597137
Total Nacional,08 Castilla - La Mancha,02 Albacete,2020-08-01,0.27,2,2020,8,0.03680981595092025
Total Nacional,08 Castilla - La Mancha,13 Ciudad Real,2024-08-01,0.27,13,2024,8,0.03680981595092025
Total Nacional,08 Castilla - La Mancha,13 Ciudad Real,2024-02-01,0.23,13,2024,2,0.028629856850715743
Total Nacional,08 Castilla - La Mancha,13 Ciudad Real,2023-08-01,0.2,13,2023,8,0.02249488752556237
Total Nacional,08 Castilla - La Mancha,13 Ciudad Real,2023-02-01,0.22,13,2023,2,0.02658486707566462
Total Nacional,08 Castilla - La Mancha,13 Ciudad Real,2022-08-01,0.21,13,2022,8,0.024539877300613494
Total Nacional,08 Castilla - La Mancha,13 Ciudad Real,2022-02-01,0.19,13,2022,2,0.020449897750511245
Total Nacional,08 Castilla - La Mancha,13 Ciudad Real,2021-08-01,0.19,13,2021,8,0.020449897750511245
Total Nacional,08 Castilla - La Mancha,13 Ciudad Real,2021-02-01,0.17,13,2021,2,0.016359918200408996
Total Nacional,08 Castilla - La Mancha,13 Ciudad Real,2020-08-01,0.18,13,2020,8,0.01840490797546012
Total Nacional,08 Castilla - La Mancha,16 Cuenca,2024-08-01,0.63,16,2024,8,0.11042944785276071
Total Nacional,08 Castilla - La Mancha,16 Cuenca,2024-02-01,0.57,16,2024,2,0.09815950920245398
Total Nacional,08 Castilla - La Mancha,16 Cuenca,2023-08-01,0.51,16,2023,8,0.08588957055214724
Total Nacional,08 Castilla - La Mancha,16 Cuenca,2023-02-01,0.48,16,2023,2,0.07975460122699385
Total Nacional,08 Castilla - La Mancha,16 Cuenca,2022-08-01,0.45,16,2022,8,0.07361963190184048
Total Nacional,08 Castilla - La Mancha,16 Cuenca,2022-02-01,0.41,16,2022,2,0.06543967280163598
Total Nacional,08 Castilla - La Mancha,16 Cuenca,2021-08-01,0.43,16,2021,8,0.06952965235173822
Total Nacional,08 Castilla - La Mancha,16 Cuenca,2021-02-01,0.38,16,2021,2,0.05930470347648261
Total Nacional,08 Castilla - La Mancha,16 Cuenca,2020-08-01,0.41,16,2020,8,0.06543967280163598
Total Nacional,08 Castilla - La Mancha,19 Guadalajara,2024-08-01,0.42,19,2024,8,0.06748466257668712
Total Nacional,08 Castilla - La Mancha,19 Guadalajara,2024-02-01,0.36,19,2024,2,0.05521472392638036
Total Nacional,08 Castilla - La Mancha,19 Guadalajara,2023-08-01,0.32,19,2023,8,0.047034764826175864
Total Nacional,08 Castilla - La Mancha,19 Guadalajara,2023-02-01,0.28,19,2023,2,0.03885480572597137
Total Nacional,08 Castilla - La Mancha,19 Guadalajara,2022-08-01,0.28,19,2022,8,0.03885480572597137
Total Nacional,08 Castilla - La Mancha,19 Guadalajara,2022-02-01,0.27,19,2022,2,0.03680981595092025
Total Nacional,08 Castilla - La Mancha,19 Guadalajara,2021-08-01,0.27,19,2021,8,0.03680981595092025
Total Nacional,08 Castilla - La Mancha,19 Guadalajara,2021-02-01,0.25,19,2021,2,0.03271983640081799
Total Nacional,08 Castilla - La Mancha,19 Guadalajara,2020-08-01,0.26,19,2020,8,0.03476482617586912
Total Nacional,08 Castilla - La Mancha,45 Toledo,2024-08-01,0.38,45,2024,8,0.05930470347648261
Total Nacional,08 Castilla - La Mancha,45 Toledo,2024-02-01,0.33,45,2024,2,0.049079754601226995
Total Nacional,08 Castilla - La Mancha,45 Toledo,2023-08-01,0.29,45,2023,8,0.04089979550102248
Total Nacional,08 Castilla - La Mancha,45 Toledo,2023-02-01,0.29,45,2023,2,0.04089979550102248
Total Nacional,08 Castilla - La Mancha,45 Toledo,2022-08-01,0.28,45,2022,8,0.03885480572597137
Total Nacional,08 Castilla - La Mancha,45 Toledo,2022-02-01,0.25,45,2022,2,0.03271983640081799
Total Nacional,08 Castilla - La Mancha,45 Toledo,2021-08-01,0.25,45,2021,8,0.03271983640081799
Total Nacional,08 Castilla - La Mancha,45 Toledo,2021-02-01,0.26,45,2021,2,0.03476482617586912
Total Nacional,08 Castilla - La Mancha,45 Toledo,2020-08-01,0.28,45,2020,8,0.03885480572597137
Total Nacional,09 Cataluña,0,2024-08-01,1.5,0,2024,8,0.28834355828220853
Total Nacional,09 Cataluña,0,2024-02-01,1.34,0,2024,2,0.2556237218813906
Total Nacional,09 Cataluña,0,2023-08-01,1.33,0,2023,8,0.25357873210633947
Total Nacional,09 Cataluña,0,2023-02-01,1.18,0,2023,2,0.22290388548057255
Total Nacional,09 Cataluña,0,2022-08-01,1.28,0,2022,8,0.2433537832310838
Total Nacional,09 Cataluña,0,2022-02-01,1.28,0,2022,2,0.2433537832310838
Total Nacional,09 Cataluña,0,2021-08-01,1.46,0,2021,8,0.28016359918200406
Total Nacional,09 Cataluña,0,2021-02-01,1.41,0,2021,2,0.2699386503067484
Total Nacional,09 Cataluña,0,2020-08-01,1.64,0,2020,8,0.31697341513292426
Total Nacional,09 Cataluña,08 Barcelona,2024-08-01,0.72,8,2024,8,0.12883435582822084
Total Nacional,09 Cataluña,08 Barcelona,2024-02-01,0.65,8,2024,2,0.11451942740286297
Total Nacional,09 Cataluña,08 Barcelona,2023-08-01,0.57,8,2023,8,0.09815950920245398
Total Nacional,09 Cataluña,08 Barcelona,2023-02-01,0.55,8,2023,2,0.09406952965235174
Total Nacional,09 Cataluña,08 Barcelona,2022-08-01,0.57,8,2022,8,0.09815950920245398
Total Nacional,09 Cataluña,08 Barcelona,2022-02-01,0.73,8,2022,2,0.13087934560327197
Total Nacional,09 Cataluña,08 Barcelona,2021-08-01,0.8,8,2021,8,0.14519427402862983
Total Nacional,09 Cataluña,08 Barcelona,2021-02-01,0.87,8,2021,2,0.1595092024539877
Total Nacional,09 Cataluña,08 Barcelona,2020-08-01,1.0,8,2020,8,0.18609406952965232
Total Nacional,09 Cataluña,17 Girona,2024-08-01,4.59,17,2024,8,0.920245398773006
Total Nacional,09 Cataluña,17 Girona,2024-02-01,4.09,17,2024,2,0.8179959100204498
Total Nacional,09 Cataluña,17 Girona,2023-08-01,4.27,17,2023,8,0.85480572597137
Total Nacional,09 Cataluña,17 Girona,2023-02-01,3.78,17,2023,2,0.7546012269938649
Total Nacional,09 Cataluña,17 Girona,2022-08-01,4.15,17,2022,8,0.8302658486707566
Total Nacional,09 Cataluña,17 Girona,2022-02-01,3.69,17,2022,2,0.7361963190184048
Total Nacional,09 Cataluña,17 Girona,2021-08-01,4.38,17,2021,8,0.8773006134969323
Total Nacional,09 Cataluña,17 Girona,2021-02-01,3.91,17,2021,2,0.7811860940695295
Total Nacional,09 Cataluña,17 Girona,2020-08-01,4.52,17,2020,8,0.9059304703476481
Total Nacional,09 Cataluña,25 Lleida,2024-08-01,1.16,25,2024,8,0.2188139059304703
Total Nacional,09 Cataluña,25 Lleida,2024-02-01,1.11,25,2024,2,0.2085889570552147
Total Nacional,09 Cataluña,25 Lleida,2023-08-01,1.09,25,2023,8,0.20449897750511245
Total Nacional,09 Cataluña,25 Lleida,2023-02-01,1.09,25,2023,2,0.20449897750511245
Total Nacional,09 Cataluña,25 Lleida,2022-08-01,1.05,25,2022,8,0.19631901840490795
Total Nacional,09 Cataluña,25 Lleida,2022-02-01,1.01,25,2022,2,0.18813905930470345
Total Nacional,09 Cataluña,25 Lleida,2021-08-01,1.06,25,2021,8,0.19836400817995908
Total Nacional,09 Cataluña,25 Lleida,2021-02-01,0.97,25,2021,2,0.17995910020449896
Total Nacional,09 Cataluña,25 Lleida,2020-08-01,1.0,25,2020,8,0.18609406952965232
Total Nacional,09 Cataluña,43 Tarragona,2024-08-01,2.49,43,2024,8,0.4907975460122699
Total Nacional,09 Cataluña,43 Tarragona,2024-02-01,2.22,43,2024,2,0.43558282208588955
Total Nacional,09 Cataluña,43 Tarragona,2023-08-01,2.33,43,2023,8,0.4580777096114519
Total Nacional,09 Cataluña,43 Tarragona,2023-02-01,1.97,43,2023,2,0.3844580777096114
Total Nacional,09 Cataluña,43 Tarragona,2022-08-01,2.2,43,2022,8,0.4314928425357873
Total Nacional,09 Cataluña,43 Tarragona,2022-02-01,1.92,43,2022,2,0.3742331288343558
Total Nacional,09 Cataluña,43 Tarragona,2021-08-01,2.22,43,2021,8,0.43558282208588955
Total Nacional,09 Cataluña,43 Tarragona,2021-02-01,2.0,43,2021,2,0.3905930470347648
Total Nacional,09 Cataluña,43 Tarragona,2020-08-01,2.41,43,2020,8,0.4744376278118609
Total Nacional,10 Comunitat Valenciana,0,2024-08-01,2.17,0,2024,8,0.4253578732106339
Total Nacional,10 Comunitat Valenciana,0,2024-02-01,1.81,0,2024,2,0.35173824130879344
Total Nacional,10 Comunitat Valenciana,0,2023-08-01,1.78,0,2023,8,0.34560327198364005
Total Nacional,10 Comunitat Valenciana,0,2023-02-01,1.59,0,2023,2,0.30674846625766866
Total Nacional,10 Comunitat Valenciana,0,2022-08-01,1.64,0,2022,8,0.31697341513292426
Total Nacional,10 Comunitat Valenciana,0,2022-02-01,1.51,0,2022,2,0.29038854805725967
Total Nacional,10 Comunitat Valenciana,0,2021-08-01,1.62,0,2021,8,0.31288343558282206
Total Nacional,10 Comunitat Valenciana,0,2021-02-01,1.58,0,2021,2,0.3047034764826176
Total Nacional,10 Comunitat Valenciana,0,2020-08-01,1.74,0,2020,8,0.3374233128834355
Total Nacional,10 Comunitat Valenciana,03 Alicante/Alacant,2024-08-01,3.31,3,2024,8,0.6584867075664621
Total Nacional,10 Comunitat Valenciana,03 Alicante/Alacant,2024-02-01,2.82,3,2024,2,0.5582822085889569
Total Nacional,10 Comunitat Valenciana,03 Alicante/Alacant,2023-08-01,2.81,3,2023,8,0.5562372188139059
Total Nacional,10 Comunitat Valenciana,03 Alicante/Alacant,2023-02-01,2.6,3,2023,2,0.5132924335378323
Total Nacional,10 Comunitat Valenciana,03 Alicante/Alacant,2022-08-01,2.67,3,2022,8,0.5276073619631901
Total Nacional,10 Comunitat Valenciana,03 Alicante/Alacant,2022-02-01,2.51,3,2022,2,0.49488752556237203
Total Nacional,10 Comunitat Valenciana,03 Alicante/Alacant,2021-08-01,2.65,3,2021,8,0.5235173824130879
Total Nacional,10 Comunitat Valenciana,03 Alicante/Alacant,2021-02-01,2.62,3,2021,2,0.5173824130879345
Total Nacional,10 Comunitat Valenciana,03 Alicante/Alacant,2020-08-01,2.8,3,2020,8,0.5541922290388547
Total Nacional,10 Comunitat Valenciana,12 Castellón/Castelló,2024-08-01,1.96,12,2024,8,0.38241308793456025
Total Nacional,10 Comunitat Valenciana,12 Castellón/Castelló,2024-02-01,1.53,12,2024,2,0.29447852760736193
Total Nacional,10 Comunitat Valenciana,12 Castellón/Castelló,2023-08-01,1.58,12,2023,8,0.3047034764826176
Total Nacional,10 Comunitat Valenciana,12 Castellón/Castelló,2023-02-01,1.31,12,2023,2,0.2494887525562372
Total Nacional,10 Comunitat Valenciana,12 Castellón/Castelló,2022-08-01,1.45,12,2022,8,0.27811860940695293
Total Nacional,10 Comunitat Valenciana,12 Castellón/Castelló,2022-02-01,1.17,12,2022,2,0.22085889570552142
Total Nacional,10 Comunitat Valenciana,12 Castellón/Castelló,2021-08-01,1.35,12,2021,8,0.2576687116564417
Total Nacional,10 Comunitat Valenciana,12 Castellón/Castelló,2021-02-01,1.13,12,2021,2,0.21267893660531692
Total Nacional,10 Comunitat Valenciana,12 Castellón/Castelló,2020-08-01,1.33,12,2020,8,0.25357873210633947
Total Nacional,10 Comunitat Valenciana,46 Valencia/València,2024-08-01,1.2,46,2024,8,0.2269938650306748
Total Nacional,10 Comunitat Valenciana,46 Valencia/València,2024-02-01,0.98,46,2024,2,0.18200408997955006
Total Nacional,10 Comunitat Valenciana,46 Valencia/València,2023-08-01,0.9,46,2023,8,0.1656441717791411
Total Nacional,10 Comunitat Valenciana,46 Valencia/València,2023-02-01,0.78,46,2023,2,0.1411042944785276
Total Nacional,10 Comunitat Valenciana,46 Valencia/València,2022-08-01,0.79,46,2022,8,0.14314928425357873
Total Nacional,10 Comunitat Valenciana,46 Valencia/València,2022-02-01,0.73,46,2022,2,0.13087934560327197
Total Nacional,10 Comunitat Valenciana,46 Valencia/València,2021-08-01,0.8,46,2021,8,0.14519427402862983
Total Nacional,10 Comunitat Valenciana,46 Valencia/València,2021-02-01,0.8,46,2021,2,0.14519427402862983
Total Nacional,10 Comunitat Valenciana,46 Valencia/València,2020-08-01,0.92,46,2020,8,0.16973415132924333
Total Nacional,11 Extremadura,0,2024-08-01,0.29,0,2024,8,0.04089979550102248
Total Nacional,11 Extremadura,0,2024-02-01,0.25,0,2024,2,0.03271983640081799
Total Nacional,11 Extremadura,0,2023-08-01,0.23,0,2023,8,0.028629856850715743
Total Nacional,11 Extremadura,0,2023-02-01,0.23,0,2023,2,0.028629856850715743
Total Nacional,11 Extremadura,0,2022-08-01,0.23,0,2022,8,0.028629856850715743
Total Nacional,11 Extremadura,0,2022-02-01,0.2,0,2022,2,0.02249488752556237
Total Nacional,11 Extremadura,0,2021-08-01,0.2,0,2021,8,0.02249488752556237
Total Nacional,11 Extremadura,0,2021-02-01,0.2,0,2021,2,0.02249488752556237
Total Nacional,11 Extremadura,0,2020-08-01,0.21,0,2020,8,0.024539877300613494
Total Nacional,11 Extremadura,06 Badajoz,2024-08-01,0.16,6,2024,8,0.014314928425357872
Total Nacional,11 Extremadura,06 Badajoz,2024-02-01,0.14,6,2024,2,0.010224948875255626
Total Nacional,11 Extremadura,06 Badajoz,2023-08-01,0.12,6,2023,8,0.0061349693251533735
Total Nacional,11 Extremadura,06 Badajoz,2023-02-01,0.12,6,2023,2,0.0061349693251533735
Total Nacional,11 Extremadura,06 Badajoz,2022-08-01,0.12,6,2022,8,0.0061349693251533735
Total Nacional,11 Extremadura,06 Badajoz,2022-02-01,0.09,6,2022,2,0.0
Total Nacional,11 Extremadura,06 Badajoz,2021-08-01,0.09,6,2021,8,0.0
Total Nacional,11 Extremadura,06 Badajoz,2021-02-01,0.09,6,2021,2,0.0
Total Nacional,11 Extremadura,06 Badajoz,2020-08-01,0.1,6,2020,8,0.0020449897750511245
Total Nacional,11 Extremadura,10 Cáceres,2024-08-01,0.46,10,2024,8,0.07566462167689161
Total Nacional,11 Extremadura,10 Cáceres,2024-02-01,0.4,10,2024,2,0.06339468302658485
Total Nacional,11 Extremadura,10 Cáceres,2023-08-01,0.37,10,2023,8,0.05725971370143148
Total Nacional,11 Extremadura,10 Cáceres,2023-02-01,0.38,10,2023,2,0.05930470347648261
Total Nacional,11 Extremadura,10 Cáceres,2022-08-01,0.38,10,2022,8,0.05930470347648261
Total Nacional,11 Extremadura,10 Cáceres,2022-02-01,0.34,10,2022,2,0.05112474437627811
Total Nacional,11 Extremadura,10 Cáceres,2021-08-01,0.35,10,2021,8,0.05316973415132923
Total Nacional,11 Extremadura,10 Cáceres,2021-02-01,0.34,10,2021,2,0.05112474437627811
Total Nacional,11 Extremadura,10 Cáceres,2020-08-01,0.36,10,2020,8,0.05521472392638036
Total Nacional,12 Galicia,0,2024-08-01,1.25,0,2024,8,0.23721881390593041
Total Nacional,12 Galicia,0,2024-02-01,1.02,0,2024,2,0.19018404907975459
Total Nacional,12 Galicia,0,2023-08-01,1.03,0,2023,8,0.1922290388548057
Total Nacional,12 Galicia,0,2023-02-01,0.92,0,2023,2,0.16973415132924333
Total Nacional,12 Galicia,0,2022-08-01,0.99,0,2022,8,0.1840490797546012
Total Nacional,12 Galicia,0,2022-02-01,0.79,0,2022,2,0.14314928425357873
Total Nacional,12 Galicia,0,2021-08-01,0.84,0,2021,8,0.15337423312883433
Total Nacional,12 Galicia,0,2021-02-01,0.71,0,2021,2,0.1267893660531697
Total Nacional,12 Galicia,0,2020-08-01,0.78,0,2020,8,0.1411042944785276
Total Nacional,12 Galicia,"15 Coruña, A",2024-08-01,1.18,15,2024,8,0.22290388548057255
Total Nacional,12 Galicia,"15 Coruña, A",2024-02-01,0.97,15,2024,2,0.17995910020449896
Total Nacional,12 Galicia,"15 Coruña, A",2023-08-01,0.97,15,2023,8,0.17995910020449896
Total Nacional,12 Galicia,"15 Coruña, A",2023-02-01,0.87,15,2023,2,0.1595092024539877
Total Nacional,12 Galicia,"15 Coruña, A",2022-08-01,0.94,15,2022,8,0.17382413087934556
Total Nacional,12 Galicia,"15 Coruña, A",2022-02-01,0.77,15,2022,2,0.13905930470347647
Total Nacional,12 Galicia,"15 Coruña, A",2021-08-01,0.81,15,2021,8,0.14723926380368096
Total Nacional,12 Galicia,"15 Coruña, A",2021-02-01,0.7,15,2021,2,0.12474437627811857
Total Nacional,12 Galicia,"15 Coruña, A",2020-08-01,0.77,15,2020,8,0.13905930470347647
Total Nacional,12 Galicia,27 Lugo,2024-08-01,1.11,27,2024,8,0.2085889570552147
Total Nacional,12 Galicia,27 Lugo,2024-02-01,0.9,27,2024,2,0.1656441717791411
Total Nacional,12 Galicia,27 Lugo,2023-08-01,0.95,27,2023,8,0.1758691206543967
Total Nacional,12 Galicia,27 Lugo,2023-02-01,0.92,27,2023,2,0.16973415132924333
Total Nacional,12 Galicia,27 Lugo,2022-08-01,1.0,27,2022,8,0.18609406952965232
Total Nacional,12 Galicia,27 Lugo,2022-02-01,0.75,27,2022,2,0.1349693251533742
Total Nacional,12 Galicia,27 Lugo,2021-08-01,0.8,27,2021,8,0.14519427402862983
Total Nacional,12 Galicia,27 Lugo,2021-02-01,0.64,27,2021,2,0.11247443762781184
Total Nacional,12 Galicia,27 Lugo,2020-08-01,0.71,27,2020,8,0.1267893660531697
Total Nacional,12 Galicia,32 Ourense,2024-08-01,0.43,32,2024,8,0.06952965235173822
Total Nacional,12 Galicia,32 Ourense,2024-02-01,0.37,32,2024,2,0.05725971370143148
Total Nacional,12 Galicia,32 Ourense,2023-08-01,0.34,32,2023,8,0.05112474437627811
Total Nacional,12 Galicia,32 Ourense,2023-02-01,0.32,32,2023,2,0.047034764826175864
Total Nacional,12 Galicia,32 Ourense,2022-08-01,0.32,32,2022,8,0.047034764826175864
Total Nacional,12 Galicia,32 Ourense,2022-02-01,0.27,32,2022,2,0.03680981595092025
Total Nacional,12 Galicia,32 Ourense,2021-08-01,0.27,32,2021,8,0.03680981595092025
Total Nacional,12 Galicia,32 Ourense,2021-02-01,0.24,32,2021,2,0.030674846625766868
Total Nacional,12 Galicia,32 Ourense,2020-08-01,0.26,32,2020,8,0.03476482617586912
Total Nacional,12 Galicia,36 Pontevedra,2024-08-01,1.83,36,2024,8,0.35582822085889565
Total Nacional,12 Galicia,36 Pontevedra,2024-02-01,1.47,36,2024,2,0.2822085889570552
Total Nacional,12 Galicia,36 Pontevedra,2023-08-01,1.49,36,2023,8,0.2862985685071574
Total Nacional,12 Galicia,36 Pontevedra,2023-02-01,1.29,36,2023,2,0.24539877300613494
Total Nacional,12 Galicia,36 Pontevedra,2022-08-01,1.4,36,2022,8,0.2678936605316973
Total Nacional,12 Galicia,36 Pontevedra,2022-02-01,1.1,36,2022,2,0.20654396728016358
Total Nacional,12 Galicia,36 Pontevedra,2021-08-01,1.19,36,2021,8,0.22494887525562368
Total Nacional,12 Galicia,36 Pontevedra,2021-02-01,0.99,36,2021,2,0.1840490797546012
Total Nacional,12 Galicia,36 Pontevedra,2020-08-01,1.1,36,2020,8,0.20654396728016358
Total Nacional,"13 Madrid, Comunidad de",0,2024-08-01,0.76,0,2024,8,0.13701431492842533
Total Nacional,"13 Madrid, Comunidad de",0,2024-02-01,0.66,0,2024,2,0.1165644171779141
Total Nacional,"13 Madrid, Comunidad de",0,2023-08-01,0.57,0,2023,8,0.09815950920245398
Total Nacional,"13 Madrid, Comunidad de",0,2023-02-01,0.56,0,2023,2,0.09611451942740287
Total Nacional,"13 Madrid, Comunidad de",0,2022-08-01,0.54,0,2022,8,0.09202453987730061
Total Nacional,"13 Madrid, Comunidad de",0,2022-02-01,0.53,0,2022,2,0.08997955010224948
Total Nacional,"13 Madrid, Comunidad de",0,2021-08-01,0.6,0,2021,8,0.10429447852760734
Total Nacional,"13 Madrid, Comunidad de",0,2021-02-01,0.61,0,2021,2,0.10633946830265847
Total Nacional,"13 Madrid, Comunidad de",0,2020-08-01,0.68,0,2020,8,0.12065439672801634
Total Nacional,"13 Madrid, Comunidad de",28 Madrid,2024-08-01,0.76,28,2024,8,0.13701431492842533
Total Nacional,"13 Madrid, Comunidad de",28 Madrid,2024-02-01,0.66,28,2024,2,0.1165644171779141
Total Nacional,"13 Madrid, Comunidad de",28 Madrid,2023-08-01,0.57,28,2023,8,0.09815950920245398
Total Nacional,"13 Madrid, Comunidad de",28 Madrid,2023-02-01,0.56,28,2023,2,0.09611451942740287
Total Nacional,"13 Madrid, Comunidad de",28 Madrid,2022-08-01,0.54,28,2022,8,0.09202453987730061
Total Nacional,"13 Madrid, Comunidad de",28 Madrid,2022-02-01,0.53,28,2022,2,0.08997955010224948
Total Nacional,"13 Madrid, Comunidad de",28 Madrid,2021-08-01,0.6,28,2021,8,0.10429447852760734
Total Nacional,"13 Madrid, Comunidad de",28 Madrid,2021-02-01,0.61,28,2021,2,0.10633946830265847
Total Nacional,"13 Madrid, Comunidad de",28 Madrid,2020-08-01,0.68,28,2020,8,0.12065439672801634
Total Nacional,"14 Murcia, Región de",0,2024-08-01,1.02,0,2024,8,0.19018404907975459
Total Nacional,"14 Murcia, Región de",0,2024-02-01,0.87,0,2024,2,0.1595092024539877
Total Nacional,"14 Murcia, Región de",0,2023-08-01,0.82,0,2023,8,0.14928425357873207
Total Nacional,"14 Murcia, Región de",0,2023-02-01,0.81,0,2023,2,0.14723926380368096
Total Nacional,"14 Murcia, Región de",0,2022-08-01,0.79,0,2022,8,0.14314928425357873
Total Nacional,"14 Murcia, Región de",0,2022-02-01,0.72,0,2022,2,0.12883435582822084
Total Nacional,"14 Murcia, Región de",0,2021-08-01,0.74,0,2021,8,0.13292433537832307
Total Nacional,"14 Murcia, Región de",0,2021-02-01,0.74,0,2021,2,0.13292433537832307
Total Nacional,"14 Murcia, Región de",0,2020-08-01,0.79,0,2020,8,0.14314928425357873
Total Nacional,"14 Murcia, Región de",30 Murcia,2024-08-01,1.02,30,2024,8,0.19018404907975459
Total Nacional,"14 Murcia, Región de",30 Murcia,2024-02-01,0.87,30,2024,2,0.1595092024539877
Total Nacional,"14 Murcia, Región de",30 Murcia,2023-08-01,0.82,30,2023,8,0.14928425357873207
Total Nacional,"14 Murcia, Región de",30 Murcia,2023-02-01,0.81,30,2023,2,0.14723926380368096
Total Nacional,"14 Murcia, Región de",30 Murcia,2022-08-01,0.79,30,2022,8,0.14314928425357873
Total Nacional,"14 Murcia, Región de",30 Murcia,2022-02-01,0.72,30,2022,2,0.12883435582822084
Total Nacional,"14 Murcia, Región de",30 Murcia,2021-08-01,0.74,30,2021,8,0.13292433537832307
Total Nacional,"14 Murcia, Región de",30 Murcia,2021-02-01,0.74,30,2021,2,0.13292433537832307
Total Nacional,"14 Murcia, Región de",30 Murcia,2020-08-01,0.79,30,2020,8,0.14314928425357873
Total Nacional,"15 Navarra, Comunidad Foral de",0,2024-08-01,0.54,0,2024,8,0.09202453987730061
Total Nacional,"15 Navarra, Comunidad Foral de",0,2024-02-01,0.48,0,2024,2,0.07975460122699385
Total Nacional,"15 Navarra, Comunidad Foral de",0,2023-08-01,0.41,0,2023,8,0.06543967280163598
Total Nacional,"15 Navarra, Comunidad Foral de",0,2023-02-01,0.4,0,2023,2,0.06339468302658485
Total Nacional,"15 Navarra, Comunidad Foral de",0,2022-08-01,0.4,0,2022,8,0.06339468302658485
Total Nacional,"15 Navarra, Comunidad Foral de",0,2022-02-01,0.3,0,2022,2,0.042944785276073615
Total Nacional,"15 Navarra, Comunidad Foral de",0,2021-08-01,0.32,0,2021,8,0.047034764826175864
Total Nacional,"15 Navarra, Comunidad Foral de",0,2021-02-01,0.32,0,2021,2,0.047034764826175864
Total Nacional,"15 Navarra, Comunidad Foral de",0,2020-08-01,0.35,0,2020,8,0.05316973415132923
Total Nacional,"15 Navarra, Comunidad Foral de",31 Navarra,2024-08-01,0.54,31,2024,8,0.09202453987730061
Total Nacional,"15 Navarra, Comunidad Foral de",31 Navarra,2024-02-01,0.48,31,2024,2,0.07975460122699385
Total Nacional,"15 Navarra, Comunidad Foral de",31 Navarra,2023-08-01,0.41,31,2023,8,0.06543967280163598
Total Nacional,"15 Navarra, Comunidad Foral de",31 Navarra,2023-02-01,0.4,31,2023,2,0.06339468302658485
Total Nacional,"15 Navarra, Comunidad Foral de",31 Navarra,2022-08-01,0.4,31,2022,8,0.06339468302658485
Total Nacional,"15 Navarra, Comunidad Foral de",31 Navarra,2022-02-01,0.3,31,2022,2,0.042944785276073615
Total Nacional,"15 Navarra, Comunidad Foral de",31 Navarra,2021-08-01,0.32,31,2021,8,0.047034764826175864
Total Nacional,"15 Navarra, Comunidad Foral de",31 Navarra,2021-02-01,0.32,31,2021,2,0.047034764826175864
Total Nacional,"15 Navarra, Comunidad Foral de",31 Navarra,2020-08-01,0.35,31,2020,8,0.05316973415132923
Total Nacional,16 País Vasco,0,2024-08-01,0.54,0,2024,8,0.09202453987730061
Total Nacional,16 País Vasco,0,2024-02-01,0.48,0,2024,2,0.07975460122699385
Total Nacional,16 País Vasco,0,2023-08-01,0.48,0,2023,8,0.07975460122699385
Total Nacional,16 País Vasco,0,2023-02-01,0.43,0,2023,2,0.06952965235173822
Total Nacional,16 País Vasco,0,2022-08-01,0.46,0,2022,8,0.07566462167689161
Total Nacional,16 País Vasco,0,2022-02-01,0.39,0,2022,2,0.06134969325153374
Total Nacional,16 País Vasco,0,2021-08-01,0.43,0,2021,8,0.06952965235173822
Total Nacional,16 País Vasco,0,2021-02-01,0.39,0,2021,2,0.06134969325153374
Total Nacional,16 País Vasco,0,2020-08-01,0.45,0,2020,8,0.07361963190184048
Total Nacional,16 País Vasco,01 Araba/Álava,2024-08-01,0.24,1,2024,8,0.030674846625766868
Total Nacional,16 País Vasco,01 Araba/Álava,2024-02-01,0.21,1,2024,2,0.024539877300613494
Total Nacional,16 País Vasco,01 Araba/Álava,2023-08-01,0.19,1,2023,8,0.020449897750511245
Total Nacional,16 País Vasco,01 Araba/Álava,2023-02-01,0.21,1,2023,2,0.024539877300613494
Total Nacional,16 País Vasco,01 Araba/Álava,2022-08-01,0.21,1,2022,8,0.024539877300613494
Total Nacional,16 País Vasco,01 Araba/Álava,2022-02-01,0.18,1,2022,2,0.01840490797546012
Total Nacional,16 País Vasco,01 Araba/Álava,2021-08-01,0.21,1,2021,8,0.024539877300613494
Total Nacional,16 País Vasco,01 Araba/Álava,2021-02-01,0.19,1,2021,2,0.020449897750511245
Total Nacional,16 País Vasco,01 Araba/Álava,2020-08-01,0.21,1,2020,8,0.024539877300613494
Total Nacional,16 País Vasco,48 Bizkaia,2024-08-01,0.53,48,2024,8,0.08997955010224948
Total Nacional,16 País Vasco,48 Bizkaia,2024-02-01,0.47,48,2024,2,0.07770961145194272
Total Nacional,16 País Vasco,48 Bizkaia,2023-08-01,0.46,48,2023,8,0.07566462167689161
Total Nacional,16 País Vasco,48 Bizkaia,2023-02-01,0.39,48,2023,2,0.06134969325153374
Total Nacional,16 País Vasco,48 Bizkaia,2022-08-01,0.39,48,2022,8,0.06134969325153374
Total Nacional,16 País Vasco,48 Bizkaia,2022-02-01,0.34,48,2022,2,0.05112474437627811
Total Nacional,16 País Vasco,48 Bizkaia,2021-08-01,0.36,48,2021,8,0.05521472392638036
Total Nacional,16 País Vasco,48 Bizkaia,2021-02-01,0.34,48,2021,2,0.05112474437627811
Total Nacional,16 País Vasco,48 Bizkaia,2020-08-01,0.38,48,2020,8,0.05930470347648261
Total Nacional,16 País Vasco,20 Gipuzkoa,2024-08-01,0.71,20,2024,8,0.1267893660531697
Total Nacional,16 País Vasco,20 Gipuzkoa,2024-02-01,0.62,20,2024,2,0.10838445807770958
Total Nacional,16 País Vasco,20 Gipuzkoa,2023-08-01,0.64,20,2023,8,0.11247443762781184
Total Nacional,16 País Vasco,20 Gipuzkoa,2023-02-01,0.6,20,2023,2,0.10429447852760734
Total Nacional,16 País Vasco,20 Gipuzkoa,2022-08-01,0.7,20,2022,8,0.12474437627811857
Total Nacional,16 País Vasco,20 Gipuzkoa,2022-02-01,0.58,20,2022,2,0.10020449897750508
Total Nacional,16 País Vasco,20 Gipuzkoa,2021-08-01,0.64,20,2021,8,0.11247443762781184
Total Nacional,16 País Vasco,20 Gipuzkoa,2021-02-01,0.58,20,2021,2,0.10020449897750508
Total Nacional,16 País Vasco,20 Gipuzkoa,2020-08-01,0.68,20,2020,8,0.12065439672801634
Total Nacional,"17 Rioja, La",0,2024-08-01,0.68,0,2024,8,0.12065439672801634
Total Nacional,"17 Rioja, La",0,2024-02-01,0.62,0,2024,2,0.10838445807770958
Total Nacional,"17 Rioja, La",0,2023-08-01,0.6,0,2023,8,0.10429447852760734
Total Nacional,"17 Rioja, La",0,2023-02-01,0.56,0,2023,2,0.09611451942740287
Total Nacional,"17 Rioja, La",0,2022-08-01,0.58,0,2022,8,0.10020449897750508
Total Nacional,"17 Rioja, La",0,2022-02-01,0.53,0,2022,2,0.08997955010224948
Total Nacional,"17 Rioja, La",0,2021-08-01,0.56,0,2021,8,0.09611451942740287
Total Nacional,"17 Rioja, La",0,2021-02-01,0.53,0,2021,2,0.08997955010224948
Total Nacional,"17 Rioja, La",0,2020-08-01,0.57,0,2020,8,0.09815950920245398
Total Nacional,"17 Rioja, La","26 Rioja, La",2024-08-01,0.68,26,2024,8,0.12065439672801634
Total Nacional,"17 Rioja, La","26 Rioja, La",2024-02-01,0.62,26,2024,2,0.10838445807770958
Total Nacional,"17 Rioja, La","26 Rioja, La",2023-08-01,0.6,26,2023,8,0.10429447852760734
Total Nacional,"17 Rioja, La","26 Rioja, La",2023-02-01,0.56,26,2023,2,0.09611451942740287
Total Nacional,"17 Rioja, La","26 Rioja, La",2022-08-01,0.58,26,2022,8,0.10020449897750508
Total Nacional,"17 Rioja, La","26 Rioja, La",2022-02-01,0.53,26,2022,2,0.08997955010224948
Total Nacional,"17 Rioja, La","26 Rioja, La",2021-08-01,0.56,26,2021,8,0.09611451942740287
Total Nacional,"17 Rioja, La","26 Rioja, La",2021-02-01,0.53,26,2021,2,0.08997955010224948
Total Nacional,"17 Rioja, La","26 Rioja, La",2020-08-01,0.57,26,2020,8,0.09815950920245398
Total Nacional,18 Ceuta,0,2024-08-01,0.19,0,2024,8,0.020449897750511245
Total Nacional,18 Ceuta,0,2024-02-01,0.14,0,2024,2,0.010224948875255626
Total Nacional,18 Ceuta,0,2023-08-01,0.17,0,2023,8,0.016359918200408996
Total Nacional,18 Ceuta,0,2023-02-01,0.16,0,2023,2,0.014314928425357872
Total Nacional,18 Ceuta,0,2022-08-01,0.19,0,2022,8,0.020449897750511245
Total Nacional,18 Ceuta,0,2022-02-01,0.18,0,2022,2,0.01840490797546012
Total Nacional,18 Ceuta,0,2021-08-01,0.21,0,2021,8,0.024539877300613494
Total Nacional,18 Ceuta,0,2021-02-01,0.18,0,2021,2,0.01840490797546012
Total Nacional,18 Ceuta,0,2020-08-01,0.25,0,2020,8,0.03271983640081799
Total Nacional,18 Ceuta,51 Ceuta,2024-08-01,0.19,51,2024,8,0.020449897750511245
Total Nacional,18 Ceuta,51 Ceuta,2024-02-01,0.14,51,2024,2,0.010224948875255626
Total Nacional,18 Ceuta,51 Ceuta,2023-08-01,0.17,51,2023,8,0.016359918200408996
Total Nacional,18 Ceuta,51 Ceuta,2023-02-01,0.16,51,2023,2,0.014314928425357872
Total Nacional,18 Ceuta,51 Ceuta,2022-08-01,0.19,51,2022,8,0.020449897750511245
Total Nacional,18 Ceuta,51 Ceuta,2022-02-01,0.18,51,2022,2,0.01840490797546012
Total Nacional,18 Ceuta,51 Ceuta,2021-08-01,0.21,51,2021,8,0.024539877300613494
Total Nacional,18 Ceuta,51 Ceuta,2021-02-01,0.18,51,2021,2,0.01840490797546012
Total Nacional,18 Ceuta,51 Ceuta,2020-08-01,0.25,51,2020,8,0.03271983640081799
Total Nacional,19 Melilla,0,2024-08-01,0.19,0,2024,8,0.020449897750511245
Total Nacional,19 Melilla,0,2024-02-01,0.13,0,2024,2,0.008179959100204498
Total Nacional,19 Melilla,0,2023-08-01,0.18,0,2023,8,0.01840490797546012
Total Nacional,19 Melilla,0,2023-02-01,0.21,0,2023,2,0.024539877300613494
Total Nacional,19 Melilla,0,2022-08-01,0.16,0,2022,8,0.014314928425357872
Total Nacional,19 Melilla,0,2022-02-01,0.17,0,2022,2,0.016359918200408996
Total Nacional,19 Melilla,0,2021-08-01,0.18,0,2021,8,0.01840490797546012
Total Nacional,19 Melilla,0,2021-02-01,0.16,0,2021,2,0.014314928425357872
Total Nacional,19 Melilla,0,2020-08-01,0.16,0,2020,8,0.014314928425357872
Total Nacional,19 Melilla,52 Melilla,2024-08-01,0.19,52,2024,8,0.020449897750511245
Total Nacional,19 Melilla,52 Melilla,2024-02-01,0.13,52,2024,2,0.008179959100204498
Total Nacional,19 Melilla,52 Melilla,2023-08-01,0.18,52,2023,8,0.01840490797546012
Total Nacional,19 Melilla,52 Melilla,2023-02-01,0.21,52,2023,2,0.024539877300613494
Total Nacional,19 Melilla,52 Melilla,2022-08-01,0.16,52,2022,8,0.014314928425357872
Total Nacional,19 Melilla,52 Melilla,2022-02-01,0.17,52,2022,2,0.016359918200408996
Total Nacional,19 Melilla,52 Melilla,2021-08-01,0.18,52,2021,8,0.01840490797546012
Total Nacional,19 Melilla,52 Melilla,2021-02-01,0.16,52,2021,2,0.014314928425357872
Total Nacional,19 Melilla,52 Melilla,2020-08-01,0.16,52,2020,8,0.014314928425357872
